architecture_id,architecture_label,scenario_id,model,total_latency_seconds,total_llm_calls,input_tokens,output_tokens,cost_usd,k8s_validate_valid,kube_linter_available,kube_linter_passed,energy_score,run_error,parse_error
D_debate,Architecture D - Débat multi-agents (Consolidation/Sizing/Autoscaling + Juge),01_static_website,gemma-4-31b-it,1080.686,19,62636,20495,0.013437,True,True,False,72.1,,
D_debate,Architecture D - Débat multi-agents (Consolidation/Sizing/Autoscaling + Juge),02_simple_web_app_hpa,gemma-4-31b-it,1063.932,16,62836,18703,0.01283,True,True,False,93.8,,
D_debate,Architecture D - Débat multi-agents (Consolidation/Sizing/Autoscaling + Juge),03_nightly_cleanup_cronjob,gemma-4-31b-it,1049.224,21,54392,16035,0.011051,True,True,False,100.0,,
D_debate,Architecture D - Débat multi-agents (Consolidation/Sizing/Autoscaling + Juge),04_worker_queue_consumer,gemma-4-31b-it,974.088,19,54444,16530,0.01123,True,True,False,100.0,,
D_debate,Architecture D - Débat multi-agents (Consolidation/Sizing/Autoscaling + Juge),05_internal_search_api_elasticsearch_vault,gemma-4-31b-it,1136.236,17,65949,20537,0.013783,True,True,False,62.6,,
D_debate,Architecture D - Débat multi-agents (Consolidation/Sizing/Autoscaling + Juge),06_analytics_api_postgres_pci_dapr,gemma-4-31b-it,1519.807,21,80609,29123,0.018254,True,True,False,80.8,,
C_blackboard,Architecture C - Blackboard + réparation bornée,01_static_website,gemma-4-31b-it,378.476,7,23164,4508,0.003894,True,True,True,54.9,,
C_blackboard,Architecture C - Blackboard + réparation bornée,02_simple_web_app_hpa,gemma-4-31b-it,636.12,9,28335,7906,0.005601,True,True,False,83.9,,
C_blackboard,Architecture C - Blackboard + réparation bornée,03_nightly_cleanup_cronjob,gemma-4-31b-it,655.796,11,27588,6014,0.004864,True,True,True,72.1,,
C_blackboard,Architecture C - Blackboard + réparation bornée,04_worker_queue_consumer,gemma-4-31b-it,1017.307,14,39189,9276,0.007165,True,True,True,82.8,,
C_blackboard,Architecture C - Blackboard + réparation bornée,05_internal_search_api_elasticsearch_vault,gemma-4-31b-it,1053.669,15,46275,12511,0.009006,True,True,False,46.5,,
C_blackboard,Architecture C - Blackboard + réparation bornée,06_analytics_api_postgres_pci_dapr,gemma-4-31b-it,809.718,13,40573,11477,0.008074,True,True,False,83.9,,
B_pipeline,Architecture B - Pipeline séquentiel (5 agents),01_static_website,gemma-4-31b-it,351.98,6,18782,5275,0.003724,True,True,False,82.8,,
B_pipeline,Architecture B - Pipeline séquentiel (5 agents),02_simple_web_app_hpa,gemma-4-31b-it,1165.759,11,36241,8288,0.006525,True,True,False,83.9,,
B_pipeline,Architecture B - Pipeline séquentiel (5 agents),03_nightly_cleanup_cronjob,gemma-4-31b-it,457.19,8,20490,5073,0.003825,True,True,True,72.1,,
B_pipeline,Architecture B - Pipeline séquentiel (5 agents),04_worker_queue_consumer,gemma-4-31b-it,878.616,11,30749,7619,0.005742,False,True,True,82.8,,
B_pipeline,Architecture B - Pipeline séquentiel (5 agents),05_internal_search_api_elasticsearch_vault,gemma-4-31b-it,709.155,12,33135,9923,0.006787,True,True,False,77.7,,
B_pipeline,Architecture B - Pipeline séquentiel (5 agents),06_analytics_api_postgres_pci_dapr,gemma-4-31b-it,814.389,12,32929,9672,0.006678,True,True,True,82.8,,
A_single_agent,Architecture A - Agent unique (monolithique),01_static_website,gemma-4-31b-it,21.28,1,688,702,0.000315,True,True,False,54.9,,
A_single_agent,Architecture A - Agent unique (monolithique),02_simple_web_app_hpa,gemma-4-31b-it,24.69,1,792,805,0.000361,True,True,False,77.7,,
A_single_agent,Architecture A - Agent unique (monolithique),03_nightly_cleanup_cronjob,gemma-4-31b-it,16.2,1,736,506,0.000251,False,True,True,72.1,,
A_single_agent,Architecture A - Agent unique (monolithique),04_worker_queue_consumer,gemma-4-31b-it,22.25,1,749,722,0.000328,False,True,True,72.3,,
A_single_agent,Architecture A - Agent unique (monolithique),05_internal_search_api_elasticsearch_vault,gemma-4-31b-it,31.02,1,726,1070,0.000447,True,True,False,77.7,,
A_single_agent,Architecture A - Agent unique (monolithique),06_analytics_api_postgres_pci_dapr,gemma-4-31b-it,32.31,1,752,1088,0.000456,True,True,False,77.7,,
